chr1	73541052	5	2	1	3	0	1	4	1	5	3	2	4	4	6	0	0
chr1	90432999	4	4	1	0	3	4	0	1	7	3	2	0	4	13	4	0
chr1	166035151	3	1	2	3	2	7	3	2	12	0	3	2	3	9	2	0
chr1	166692557	3	6	2	2	4	4	1	1	12	3	2	2	1	13	0	0
chr1	198058552	2	4	0	3	1	2	3	1	9	1	3	6	7	7	3	0
chr1	244542553	1	2	2	3	1	2	2	1	9	1	6	1	3	3	2	0
chr2	74799107	3	2	3	3	5	5	1	0	13	3	3	4	6	3	2	0
chr2	107227447	2	1	1	1	3	6	3	0	5	0	1	4	3	1	1	0
chr2	136621977	1	2	1	3	7	2	2	3	11	2	3	1	5	4	0	0
chr3	3674879	4	2	4	1	4	4	2	1	14	1	1	2	5	10	1	0
chr3	23100588	3	4	1	2	2	2	3	1	7	0	1	1	4	3	2	0
chr3	84257148	4	4	0	1	1	0	2	1	8	2	2	5	1	4	3	0
chr3	87703700	1	2	2	3	1	5	3	5	10	1	3	1	7	6	1	2
chr3	176292376	4	2	0	0	2	2	4	2	9	1	4	4	2	10	1	0
chr3	190393612	3	3	1	3	5	7	0	2	11	1	1	0	1	8	3	18
chr4	42092398	3	6	3	1	2	0	3	0	6	3	0	1	5	6	0	0
chr4	44560094	4	2	5	2	2	4	2	1	13	2	4	1	3	7	3	0
chr4	64604157	4	1	5	1	4	7	5	1	10	2	1	2	3	6	2	0
chr4	106018838	3	3	2	6	2	3	3	1	10	2	1	1	1	9	3	0
chr4	130328657	7	1	2	2	6	3	3	3	13	0	6	2	1	11	2	0
chr4	133393038	3	5	1	2	3	1	4	1	10	1	4	1	0	4	1	0
chr4	135031120	5	1	1	2	0	2	2	2	6	1	2	2	5	4	3	0
chr4	165740548	2	3	3	3	2	3	3	1	8	1	1	2	4	11	2	0
chr5	61450877	2	5	3	3	3	4	5	4	12	5	4	2	3	6	0	0
chr5	79607931	4	3	1	2	2	1	0	2	8	2	1	3	0	4	2	4
chr5	133337582	1	2	1	1	0	6	2	1	9	2	11	1	5	12	2	0
chr5	173459229	6	4	2	4	2	5	4	3	11	2	4	2	3	8	1	0
chr6	2614365	7	2	3	3	3	3	3	0	6	2	3	1	5	3	4	0
chr6	6148265	6	6	2	6	2	5	0	2	6	3	3	7	1	6	1	6
chr6	42414929	3	4	3	5	1	1	3	1	7	0	2	5	4	4	2	0
chr6	61421170	3	3	1	2	1	1	2	2	6	2	3	1	7	9	3	8
chr6	122042785	5	4	3	2	3	3	3	1	8	1	2	5	0	5	1	0
chr6	158087844	2	5	1	1	2	2	4	5	14	1	3	2	4	11	1	0
chr7	3498277	5	5	5	4	3	7	3	2	13	0	2	1	0	9	1	0
chr7	93205930	2	2	5	5	5	2	0	2	11	3	5	7	0	5	5	0
chr7	103572489	3	7	4	5	2	4	1	3	7	2	2	1	0	5	1	0
chr7	104226214	4	6	2	2	2	3	3	2	11	2	1	5	5	5	1	0
chr8	4989431	2	1	3	2	0	3	0	2	4	4	3	1	2	8	3	0
chr8	15391643	3	2	3	3	3	3	3	1	2	1	2	3	4	5	3	0
chr8	21197997	4	0	5	2	2	3	2	2	10	1	3	1	1	4	3	0
chr8	24885551	2	2	5	3	1	2	2	0	7	1	1	3	3	11	1	0
chr8	39058397	3	0	3	3	4	3	0	1	8	2	5	2	1	7	2	0
chr8	58710301	4	3	2	4	4	4	3	4	10	5	1	3	8	8	0	0
chr8	63367971	2	2	2	2	2	2	1	3	14	1	2	1	5	5	3	0
chr9	18915429	0	3	5	0	2	3	0	0	7	2	1	4	2	11	3	0
chr9	37333900	6	1	4	7	2	2	1	2	8	0	1	5	0	9	4	0
chr9	69851270	5	7	9	3	7	0	5	4	19	7	2	6	7	9	6	0
chr10	2276533	3	5	2	6	4	2	1	2	15	0	0	2	3	3	1	0
chr10	36203178	3	3	0	6	4	3	4	1	9	0	2	1	3	12	0	0
chr10	128958189	1	5	1	1	4	5	4	2	11	2	4	3	2	10	1	0
chr11	23472044	2	6	2	3	0	5	2	4	7	3	3	4	4	5	4	0
chr11	32308675	4	5	3	1	4	1	3	1	11	1	6	7	1	12	0	0
chr11	77589808	0	0	4	0	1	1	1	2	3	1	2	4	2	3	1	0
chr11	80996212	1	3	1	0	3	2	0	1	7	1	2	1	1	4	4	0
chr11	99772307	2	3	1	2	0	5	4	1	4	0	3	1	2	5	2	0
chr11	106698019	3	4	1	2	1	2	3	3	6	4	5	3	4	5	0	0
chr11	112720896	4	2	8	1	1	6	0	0	12	3	5	3	5	7	7	0
chr12	16390200	4	2	2	3	0	1	1	1	11	3	1	0	1	2	1	0
chr12	20590527	6	4	0	5	2	4	3	4	10	3	3	1	3	6	5	0
chr12	21234864	3	5	1	1	2	6	1	1	6	5	4	1	1	8	2	0
chr12	66129012	4	4	4	2	3	3	0	2	7	2	6	2	1	8	1	0
chr12	84044546	0	5	1	4	3	6	1	3	12	2	2	3	3	8	1	0
chr12	102582395	6	1	2	4	6	5	2	1	10	0	5	3	1	6	2	0
chr13	56968007	3	1	3	2	3	4	3	5	7	2	3	4	1	6	1	0
chr13	93776833	1	5	3	1	3	3	5	3	9	2	1	6	4	4	3	0
chr13	105935342	2	2	1	4	0	6	4	1	8	1	2	2	2	7	2	0
chr14	46402523	4	2	3	4	2	3	5	1	3	3	2	1	4	4	3	0
chr14	47752636	2	3	1	1	1	4	1	1	9	2	3	4	2	6	2	0
chr14	86144338	3	2	5	0	6	4	4	3	2	2	4	3	2	7	0	0
chr14	87412577	1	2	2	3	0	5	0	1	7	4	2	2	1	3	1	0
chr14	102232184	4	3	2	2	5	6	2	3	2	0	1	2	5	2	3	0
chr15	77965039	5	2	1	3	3	5	2	3	10	1	1	0	0	6	1	14
chr17	11511285	0	1	3	1	3	1	3	1	9	3	5	3	2	7	3	0
chr18	58240824	2	3	5	3	1	2	4	1	11	5	7	2	0	7	2	0
chr19	5353362	2	1	0	0	5	5	2	0	1	1	2	2	0	4	3	0
chr19	41358910	5	7	2	0	4	2	1	4	3	2	1	2	0	7	0	0
chr19	56207041	8	3	1	1	2	3	0	0	3	1	1	0	2	3	1	0
chr20	8091662	2	3	4	1	0	4	4	0	10	1	5	0	1	7	0	0
chr21	28030660	9	3	5	6	6	5	3	3	15	7	4	2	1	16	2	0
chrX	22600348	1	1	0	3	1	1	0	0	2	0	2	3	1	4	0	0
chrX	90035299	4	4	2	0	0	1	1	0	8	1	2	3	1	6	1	8
chrX	90035300	4	4	2	0	0	1	1	0	8	1	2	3	1	6	1	0
