chr1	79215091	4	3	1	2	1	3	3	0	5	4	5	4	1	8	9	0
chr2	80026217	1	2	0	4	5	3	2	5	12	2	5	3	1	2	2	0
chr2	118433611	3	2	2	2	0	3	1	3	9	0	0	3	4	3	2	12
chr2	168893962	4	3	2	5	3	1	3	1	9	2	1	2	2	9	3	0
chr2	195316721	6	10	5	0	4	14	6	4	20	7	6	4	6	16	2	0
chr2	214565397	3	5	2	3	5	2	2	5	7	5	3	1	1	1	2	0
chr3	121759334	3	4	2	0	3	6	3	1	5	5	2	2	1	4	3	2
chr4	7349388	7	1	1	1	2	5	1	1	8	1	3	4	2	9	5	0
chr4	32274231	4	1	0	4	1	5	1	2	9	2	2	1	4	6	4	0
chr4	90210134	3	3	2	2	5	4	1	2	9	1	4	5	4	7	1	0
chr4	95910063	6	1	2	1	0	2	4	2	6	0	2	1	0	12	4	0
chr4	153118265	3	2	4	2	1	6	2	0	10	3	3	2	5	4	2	0
chr5	3459109	2	3	1	1	6	3	2	2	5	1	2	1	3	5	0	4
chr5	3786568	2	2	3	0	3	7	5	2	8	3	1	0	2	4	4	0
chr5	54011069	2	3	5	0	3	2	0	1	10	1	3	0	0	3	1	0
chr5	144355727	5	3	3	1	2	3	2	1	7	1	5	0	0	10	3	0
chr5	168191876	6	3	3	4	3	4	5	2	6	0	4	2	0	3	1	0
chr6	33600909	1	0	1	3	3	7	2	2	7	1	2	5	3	8	3	0
chr6	62955676	3	2	3	1	0	3	1	3	6	1	3	2	1	7	2	10
chr6	170319724	4	3	3	3	2	5	1	3	5	1	6	1	1	7	2	0
chr7	69525544	5	1	1	2	5	4	3	1	5	2	2	1	5	4	4	0
chr7	73995205	4	3	10	0	5	8	5	4	19	1	5	2	3	7	3	0
chr7	83855184	2	4	5	3	2	5	4	2	8	0	3	2	1	9	4	0
chr7	106813537	1	2	0	4	2	0	1	3	11	3	2	2	4	8	2	0
chr8	52591999	4	4	3	2	3	3	2	3	7	4	4	6	2	8	0	0
chr9	69868817	1	3	1	2	4	3	2	5	9	6	3	4	5	11	5	0
chr10	126422964	4	2	2	2	1	6	5	1	9	1	0	3	1	12	3	0
chr12	13952889	2	3	2	1	5	2	2	1	7	0	2	4	1	9	3	0
chr12	91421905	2	1	2	3	2	0	2	2	8	2	1	2	1	6	3	0
chr13	101530161	1	2	1	1	3	0	2	1	3	1	2	2	1	2	3	0
chr14	105865716	0	2	0	0	0	1	0	0	2	1	0	0	0	3	0	0
chr16	33704451	2	1	4	1	1	1	1	0	12	2	4	1	2	6	2	0
chr17	71496526	4	0	1	6	3	1	4	2	8	2	4	3	2	5	1	4
chr20	12538678	1	3	1	2	1	1	0	3	8	2	7	3	5	7	2	0
chrX	39110270	0	0	1	0	1	2	1	1	1	0	0	1	0	4	0	0
chrX	87205381	0	0	0	0	1	0	0	0	1	0	0	0	0	2	0	0
