chr1	73541052	1	1	.	.	.	5
chr1	90432999	.	.	5	2	2	5
chr1	166035151	.	2	1	.	4	2
chr1	166692557	1	1	.	.	1	3
chr1	198058552	.	.	3	.	1	11
chr1	244542553	.	.	.	.	1	1
chr2	74799107	.	.	1	.	.	3
chr2	107227447	.	.	.	.	1	1
chr2	136621977	.	.	.	.	.	3
chr3	3674879	.	.	2	.	1	7
chr3	23100588	.	.	.	.	1	9
chr3	84257148	.	1	1	.	1	1
chr3	87703700	1	.	.	.	.	1
chr3	190393612	.	.	.	.	1	7
chr4	42092398	.	.	1	.	.	1
chr4	44560094	.	.	.	.	1	5
chr4	64604157	.	.	.	.	1	7
chr4	106018838	1	.	2	1	.	1
chr4	130328657	.	.	1	.	.	8
chr4	133393038	.	.	.	.	.	3
chr4	135031120	.	1	.	.	.	3
chr4	165740548	.	.	.	.	3	4
chr5	61450877	.	1	.	.	.	2
chr5	79607931	.	.	1	.	.	2
chr5	133337582	1	1	.	.	.	4
chr5	173459229	.	.	.	.	1	5
chr6	2614365	.	.	1	.	.	1
chr6	6148265	.	.	1	.	.	4
chr6	42414929	.	.	1	.	.	7
chr6	61421170	.	.	2	.	.	4
chr6	122042785	.	.	.	.	1	4
chr6	158087844	.	1	1	.	.	8
chr7	3498277	1	.	.	1	2	2
chr7	93205930	.	.	2	.	2	3
chr7	103572489	1	.	2	.	1	2
chr7	104226214	1	.	1	.	2	5
chr8	4989431	.	1	.	.	1	4
chr8	15391643	.	.	.	.	.	6
chr8	21197997	.	.	.	.	1	3
chr8	24885551	.	.	2	.	.	5
chr8	39058397	1	1	.	.	2	6
chr8	58710301	.	.	.	.	1	1
chr8	63367971	.	.	3	.	2	5
chr9	18915429	1	1	.	.	.	3
chr9	37333900	1	.	2	1	1	6
chr9	69851270	.	.	2	.	.	8
chr10	2276533	.	.	.	.	.	5
chr10	36203178	.	1	1	.	1	5
chr10	128958189	.	1	.	.	.	7
chr11	23472044	.	.	1	.	.	3
chr11	32308675	.	1	2	.	1	8
chr11	77589808	.	.	4	.	.	3
chr11	80996212	.	.	.	.	.	5
chr11	99772307	.	.	.	.	1	4
chr11	106698019	1	1	1	.	2	3
chr11	112720896	1	1	1	.	1	4
chr12	16390200	.	.	.	1	2	1
chr12	20590527	.	1	1	.	2	6
chr12	21234864	.	.	.	.	1	1
chr12	66129012	.	1	2	.	.	4
chr12	84044546	.	.	1	.	.	6
chr12	102582395	1	.	.	.	2	3
chr13	56968007	.	.	1	1	4	7
chr13	93776833	1	.	.	.	1	4
chr13	105935342	.	.	.	.	.	4
chr14	46402523	.	.	.	.	.	4
chr14	47752636	.	.	1	.	.	9
chr14	86144338	.	.	1	.	.	3
chr14	87412577	1	.	1	.	.	5
chr14	102232184	.	1	.	.	.	2
chr15	77965039	.	.	2	.	1	2
chr17	11511285	.	.	.	.	.	6
chr18	58240824	.	.	.	.	1	.
chr19	5353362	.	.	.	.	1	2
chr19	41358910	.	1	1	.	.	.
chr19	56207041	.	.	5	1	2	2
chr20	8091662	.	.	1	.	2	1
chr21	28030660	.	.	.	.	1	2
chrX	22600348	.	.	.	1	.	2
chrX	90035299	2	1	3	1	3	4
chrX	90035300	2	1	3	1	3	4
chr1	67792120	.	1	2	.	.	6
chr1	69594465	1	.	5	4	2	9
chr1	73103819	.	.	.	.	1	4
chr1	75031641	.	.	2	.	2	3
chr1	106433582	1	.	6	.	.	5
chr1	216073389	1	.	2	.	.	1
chr1	243101908	2	.	1	1	1	6
chr1	247586943	.	.	.	.	1	3
chr2	351180	.	.	.	.	.	3
chr2	16447389	.	.	2	.	2	6
chr2	34434698	.	1	1	.	3	2
chr2	36780923	.	.	.	.	.	3
chr2	67767848	.	.	1	1	.	1
chr2	72413392	.	.	2	.	.	2
chr2	78440878	.	.	1	.	1	1
chr2	87577227	.	.	2	1	2	4
chr2	89221894	1	.	.	.	2	4
chr2	97092979	.	.	.	.	1	.
chr2	103395303	.	1	3	.	1	4
chr2	114787255	1	.	.	.	.	5
chr2	115852478	.	.	1	.	.	3
chr2	125896768	.	.	.	1	.	4
chr2	145726840	.	.	.	.	3	4
chr2	150320593	1	.	.	.	1	2
chr2	165510607	.	.	.	.	1	4
chr2	181967657	1	.	1	.	1	5
chr2	182139702	.	.	1	.	.	1
chr2	192080361	.	.	.	.	1	5
chr2	213928421	.	.	.	.	1	1
chr2	215959675	.	.	1	.	.	3
chr2	222196201	.	.	.	.	.	3
chr2	230342931	.	.	.	.	.	5
chr3	21629090	.	.	.	.	.	6
chr3	42145825	.	.	.	1	4	7
chr3	81717267	.	.	.	.	.	3
chr3	138454711	1	.	.	.	1	3
chr3	138730557	.	.	.	1	1	2
chr3	144011147	.	.	.	.	.	2
chr3	147417440	.	.	1	.	.	7
chr3	181620320	.	.	.	.	.	3
chr3	192955510	.	.	.	.	.	3
chr3	192955522	.	.	2	.	.	3
chr4	23014031	.	.	3	.	.	4
chr4	27061219	.	.	1	.	1	3
chr4	31513400	.	.	1	.	2	2
chr4	38943245	.	.	.	.	2	3
chr4	59456887	.	.	.	.	.	2
chr4	64968621	1	.	.	.	1	3
chr4	79524651	.	.	1	.	1	1
chr4	91811626	.	.	1	.	.	7
chr4	92687350	.	1	1	.	1	1
chr4	93837429	.	.	.	2	2	2
chr4	105559061	.	.	.	.	1	5
chr4	110837651	1	.	.	1	1	2
chr4	115156261	.	.	.	.	.	3
chr4	134772682	.	1	.	.	.	4
chr4	135960648	.	1	.	.	.	5
chr4	137397618	.	.	.	.	1	5
chr4	141804663	.	.	.	.	.	3
chr4	154909239	.	.	2	2	.	6
chr4	174192318	.	.	2	.	.	4
chr5	1731625	.	.	.	.	1	1
chr5	15059738	.	.	4	.	2	6
chr5	20911734	.	1	.	.	2	1
chr5	45649112	.	3	1	.	.	3
chr5	98167981	.	.	.	.	2	7
chr5	102046110	.	.	1	.	1	1
chr5	109652519	.	.	1	.	1	3
chr5	117441230	.	.	.	.	2	7
chr5	125804498	.	.	1	.	.	1
chr5	132791144	1	.	.	.	1	3
chr5	140762420	1	.	.	.	.	2
chr5	164145915	.	1	1	1	.	1
chr5	164390798	.	.	1	.	2	1
chr5	165164156	1	2	.	.	.	1
chr5	169323831	.	.	.	.	.	4
chr6	14485154	.	.	.	.	.	6
chr6	111976741	.	.	1	.	1	4
chr6	114634316	.	1	1	.	2	4
chr6	155964307	1	.	.	.	.	1
chr7	9452145	.	.	1	.	1	5
chr7	20773700	.	.	.	1	.	3
chr7	48893210	.	1	1	.	.	4
chr7	52260299	.	.	1	.	1	1
chr7	77250294	.	.	2	.	1	5
chr7	80917897	.	.	3	1	.	6
chr7	118580384	2	.	3	.	.	6
chr7	120658428	1	.	.	.	.	1
chr7	120716147	.	.	1	.	2	3
chr7	132462246	.	1	1	.	1	3
chr7	146490096	.	1	.	.	1	1
chr7	154141909	.	.	3	.	.	8
chr8	3976995	.	.	1	.	.	3
chr8	15592384	.	.	1	.	.	1
chr8	18112328	.	.	.	.	2	6
chr8	28883788	.	.	.	.	1	.
chr8	46713041	1	1	.	.	1	5
chr8	57199427	.	.	.	.	1	4
chr8	82652310	.	.	3	.	.	3
chr8	99530433	.	.	.	.	1	3
chr8	107267275	.	.	.	.	.	6
chr8	113040016	.	.	2	.	1	3
chr8	138944218	.	.	.	.	.	3
chr8	139053962	.	.	.	.	1	4
chr9	76844941	.	.	.	.	.	3
chr9	99448857	.	.	.	.	.	1
chr9	103397506	.	.	.	.	.	3
chr10	2252132	.	.	2	.	.	3
chr10	28175305	.	.	.	.	.	1
chr10	36266404	.	.	1	1	1	4
chr10	66334992	.	1	.	.	.	5
chr10	76178227	.	.	.	.	.	5
chr10	85795891	.	.	.	.	.	4
chr10	121574353	.	.	.	.	2	4
chr10	128891644	.	.	4	1	1	3
chr11	1054101	.	.	.	.	.	4
chr11	6424905	.	.	.	.	2	2
chr11	37677169	.	.	1	.	.	3
chr11	64090762	.	.	1	.	1	4
chr11	77313629	.	.	2	.	1	4
chr11	89086000	1	1	.	.	.	5
chr11	91103968	.	.	.	.	3	9
chr11	97973245	.	.	.	.	.	4
chr11	99071384	.	.	2	1	1	6
chr11	99947084	.	.	2	.	.	2
chr11	124418871	.	.	.	.	.	1
chr11	127395572	.	.	.	1	2	3
chr11	133471355	.	.	.	.	.	6
chr12	2079260	2	.	.	1	1	6
chr12	23357729	.	.	2	.	1	5
chr12	52421184	.	.	.	.	.	2
chr12	61149559	.	.	1	.	2	3
chr12	83328729	2	.	1	.	.	2
chr12	120272184	26	15	14	4	1	5
chr12	122729559	.	1	.	.	.	3
chr13	33309138	.	1	1	1	.	7
chr13	58470587	1	.	2	.	1	4
chr13	67259583	.	.	1	.	.	2
chr13	68302926	.	.	1	.	.	4
chr13	69249081	.	.	1	.	1	6
chr13	70458824	.	.	.	.	2	6
chr13	70551140	.	.	.	.	.	3
chr13	70732274	.	.	.	.	1	4
chr13	81101051	.	1	.	.	.	5
chr13	81566983	1	1	.	1	.	8
chr13	89000104	1	.	.	.	.	7
chr13	91775367	.	.	2	.	.	1
chr13	102747790	.	1	.	.	1	.
chr13	103482864	.	.	2	.	2	7
chr14	32763516	.	.	.	.	.	3
chr14	39851640	.	.	.	.	.	5
chr14	46312130	.	.	.	.	4	2
chr14	78226528	.	1	.	.	.	4
chr14	82375756	2	1	.	.	2	3
chr15	71492980	.	.	2	.	2	4
chr15	77288035	1	.	1	.	1	6
chr15	83433250	.	1	.	.	.	4
chr16	7328634	.	1	.	.	.	1
chr16	22033980	.	.	5	.	.	1
chr16	33053821	1	.	1	1	.	1
chr16	73551963	1	.	.	.	.	4
chr16	79833681	1	.	1	1	.	2
chr17	13532383	.	.	.	.	1	5
chr17	15588735	.	.	1	.	.	1
chr17	81960029	.	.	4	.	1	2
chr17	82345520	.	.	1	.	.	2
chr18	27653681	.	.	.	.	1	1
chr18	30627147	.	.	2	.	.	1
chr18	32170541	1	.	2	.	.	1
chr18	37786874	.	.	.	.	.	1
chr18	64631457	.	1	.	.	.	4
chr18	67560890	1	.	1	.	.	1
chr19	11735285	25	26	16	2	3	5
chr20	12646721	.	.	2	.	1	3
chr21	13231668	.	.	.	.	.	1
chr21	19917897	.	.	2	.	2	5
chr21	45404481	.	.	1	.	.	1
chr21	46632856	1	.	3	1	1	7
chr22	21082577	.	.	3	.	.	5
chr22	31466521	.	.	1	.	1	2
chrX	7064111	1	.	1	.	2	5
chrX	8535657	1	2	.	.	.	5
chrX	28660203	.	.	1	.	1	2
chrX	31788340	.	.	3	.	1	2
chrX	34289281	.	.	1	2	.	2
chrX	47764523	.	.	1	.	1	1
chrX	82125312	.	.	.	.	.	2
chrX	82417682	1	3	3	1	.	4
chrX	83538822	.	.	.	.	.	1
chrX	84827150	1	.	.	.	1	2
chrX	86108976	.	.	1	.	.	.
chrX	93237415	.	.	.	.	.	1
chrX	99751803	.	.	1	.	.	4
chrX	110405355	.	.	1	.	.	.
chrX	123310832	.	.	.	.	.	1
chrX	133697525	.	.	1	.	.	.
chrX	143827370	.	.	.	.	1	3
chrY	4501539	.	.	.	.	1	3
chrY	5900349	.	.	.	.	.	1
chrY	19693326	.	.	.	.	.	2
chrY	19735445	3	1	2	1	.	.
chr1	1017599	.	1	1	.	.	4
chr1	26264672	.	.	1	.	.	3
chr1	146428792	.	.	1	.	.	4
chr1	162842689	.	.	2	.	.	7
chr1	170326378	.	.	2	.	3	2
chr1	174351743	.	.	.	.	1	3
chr1	183327877	.	.	.	.	1	1
chr1	240714054	1	.	1	.	1	7
chr2	34373156	.	.	.	.	1	2
chr2	140000237	1	.	1	.	1	8
chr2	169532467	.	.	.	.	.	4
chr2	217671917	.	.	1	.	.	2
chr3	48589160	.	.	.	.	.	2
chr3	60678793	.	.	.	.	.	4
chr3	90051619	.	.	1	.	1	3
chr3	97333521	.	.	.	.	.	3
chr4	23155327	.	.	.	.	.	2
chr4	55188489	.	.	2	.	.	4
chr4	91642917	.	.	2	.	.	2
chr4	110793839	.	.	.	.	1	2
chr4	116173402	1	.	.	.	.	8
chr4	120202280	1	1	2	.	.	.
chr4	135628145	.	1	.	1	2	2
chr4	135993182	.	1	1	.	.	1
chr4	171396176	.	.	.	.	2	2
chr5	23388277	.	.	.	.	.	7
chr5	36912503	.	.	1	.	.	2
chr5	145208870	.	.	.	.	1	1
chr5	172677639	.	.	1	.	.	4
chr6	44410864	.	.	1	.	.	5
chr6	56916861	1	.	2	.	2	4
chr6	76237973	1	.	.	.	.	3
chr6	150033583	.	.	1	.	.	1
chr6	161462113	.	.	1	1	1	5
chr7	23517510	.	.	.	.	2	3
chr7	27050535	13	29	17	6	2	11
chr7	64351883	1	.	.	1	.	1
chr7	130251302	.	.	1	.	.	1
chr7	134526844	.	.	1	1	.	2
chr8	506749	.	.	.	.	.	4
chr8	16054892	1	.	.	.	1	4
chr8	34780994	.	.	2	.	1	3
chr9	14206179	19	15	23	3	.	6
chr9	26346713	.	.	.	.	.	3
chr9	94374653	.	.	.	.	3	4
chr9	110433505	.	.	.	.	.	2
chr10	46313749	1	1	.	.	.	4
chr10	77588317	.	.	1	.	1	3
chr10	131625040	.	.	.	1	1	2
chr11	35597799	.	.	7	1	3	2
chr11	69122534	.	1	1	.	.	4
chr11	85559155	1	.	1	.	2	3
chr11	101264914	.	.	.	.	.	2
chr11	116224893	.	.	3	.	3	6
chr11	129071091	.	2	.	.	.	2
chr12	24278488	.	.	1	.	.	1
chr12	59039998	.	.	1	.	.	4
chr12	59208082	1	2	.	.	1	4
chr12	59977885	.	.	.	.	.	4
chr12	59999575	.	.	2	.	.	7
chr12	83023460	.	.	3	.	3	5
chr12	92968160	.	.	1	.	.	1
chr12	122021524	.	.	.	.	1	2
chr12	122022821	.	.	.	.	.	2
chr12	129488162	.	1	.	.	.	2
chr13	61372462	.	1	1	.	.	1
chr13	76737345	.	.	4	.	3	4
chr13	112553338	.	.	1	.	1	4
chr14	94475772	.	.	1	.	.	5
chr15	60167668	.	.	1	.	.	6
chr15	65714444	.	.	.	.	.	6
chr15	98123581	.	.	.	.	.	1
chr16	46976253	.	.	.	1	2	4
chr17	12072646	.	.	1	.	.	1
chr17	14644588	.	1	1	.	.	1
chr17	45013363	.	.	5	.	.	1
chr17	76105267	1	.	4	.	.	.
chr18	28800914	.	.	.	.	.	2
chr18	30082851	.	1	1	.	1	2
chr18	56821612	.	.	3	1	2	5
chr18	63938663	.	1	.	.	.	4
chr18	66717324	.	.	.	.	.	3
chr19	20530493	.	.	1	.	.	2
chr19	36441782	.	.	.	.	.	10
chr20	29054281	.	.	3	1	.	6
chr20	46229211	.	.	.	.	1	1
chr20	47563853	.	.	.	.	.	3
chr20	50211835	.	.	2	.	1	2
chr22	12139534	.	.	.	.	1	4
chrX	77496582	.	.	.	.	1	3
chrX	90583013	.	.	.	.	2	7
chrX	99577293	1	.	.	.	1	2
chrX	114029155	.	.	1	.	1	5
chrY	3325310	.	.	1	.	1	3
chr1	79215091	.	.	3	.	.	5
chr2	80026217	.	.	.	.	1	.
chr2	168893962	.	.	2	.	1	8
chr2	195316721	.	.	1	.	3	8
chr2	214565397	.	.	2	.	.	1
chr3	121759334	1	.	2	.	.	2
chr4	7349388	.	.	6	1	.	3
chr4	32274231	1	1	.	.	.	2
chr4	90210134	.	.	.	.	.	2
chr4	95910063	.	.	1	.	2	2
chr4	153118265	.	.	5	1	2	2
chr5	3459109	.	.	.	.	.	3
chr5	3786568	.	.	1	.	.	3
chr5	54011069	.	.	.	.	.	2
chr5	144355727	1	1	.	.	.	2
chr5	168191876	.	.	.	.	1	5
chr6	33600909	.	.	.	.	.	5
chr6	62955676	.	.	.	.	.	3
chr6	170319724	.	.	.	1	.	.
chr7	69525544	.	1	1	1	.	4
chr7	73995205	.	1	3	.	1	3
chr7	83855184	1	.	1	1	.	8
chr7	106813537	1	2	.	.	.	6
chr8	52591999	.	.	1	.	.	3
chr9	69868817	.	.	2	.	1	6
chr10	126422964	.	.	1	.	1	2
chr12	13952889	1	.	.	.	.	2
chr12	91421905	.	.	3	.	.	3
chr13	101530161	.	.	1	.	1	2
chr14	105865716	.	.	1	.	.	.
chr16	33704451	.	.	3	.	2	3
chr17	71496526	1	2	1	.	1	3
chr20	12538678	.	.	.	.	.	3
chrX	39110270	.	.	.	.	.	1
chr1	27668489	.	.	1	.	2	5
chr1	100327633	.	.	3	.	.	4
chr1	197859120	.	.	.	.	.	4
chr2	5690301	.	1	.	1	.	5
chr2	18717311	.	.	.	.	.	2
chr2	124020646	.	.	1	.	1	5
chr3	36122031	1	.	2	.	.	6
chr3	63242781	.	.	2	.	1	7
chr3	91099829	.	1	3	.	.	.
chr3	96842762	.	.	.	.	1	3
chr3	132884287	.	.	4	1	3	2
chr3	189113319	1	.	.	.	1	2
chr3	196164950	1	.	1	.	.	6
chr4	21269569	1	1	.	1	3	4
chr4	21697486	.	.	1	.	2	5
chr4	35159705	.	1	.	.	.	4
chr4	132317219	.	.	2	.	.	7
chr5	38279142	1	.	3	.	1	8
chr6	49818548	.	.	.	.	1	3
chr6	77521241	.	.	1	.	1	2
chr6	129079701	.	1	2	.	2	9
chr6	132012432	.	1	.	2	.	2
chr6	164722545	.	.	.	.	1	6
chr6	164722766	.	.	.	.	.	1
chr6	166957867	.	1	2	.	2	.
chr7	15935099	.	.	.	.	2	4
chr7	52977804	.	.	1	.	1	3
chr7	117286916	.	.	.	.	1	7
chr7	119676239	.	.	1	.	2	2
chr8	126700129	.	.	.	.	.	3
chr9	24165264	.	.	1	.	1	.
chr9	26188583	.	.	1	.	.	2
chr9	108928464	.	.	.	.	.	5
chr10	15705810	.	.	1	.	.	4
chr10	37213276	.	1	.	.	2	5
chr11	89514272	1	.	.	.	1	2
chr12	32657683	1	.	.	1	.	7
chr12	63929135	.	.	1	.	.	6
chr12	126108006	.	.	.	.	2	3
chr14	72040542	1	1	2	.	.	13
chr16	7973335	.	.	3	1	.	1
chr17	73889180	.	.	1	.	5	5
chr18	43274437	.	.	.	.	.	3
chr19	22892750	.	.	.	.	.	4
chr19	56194800	1	.	.	.	2	6
chr20	31300951	1	.	.	.	.	6
chrX	104815499	.	.	.	.	.	2
chrY	11408514	2	.	.	.	1	7
