chr1	27668489	28	40	24	22	29	33	26	28	87	16	31	39	21	93	28	0
chr1	100327633	44	28	34	36	46	46	25	29	120	25	35	40	24	100	20	0
chr1	197859120	34	39	23	34	34	39	29	22	107	15	39	49	26	83	20	0
chr2	5690301	40	34	28	24	24	36	20	17	96	16	27	24	25	75	15	8
chr2	18717311	40	38	34	33	30	42	15	12	110	24	46	24	25	78	22	0
chr2	124020646	33	38	40	25	43	32	25	23	102	19	27	30	19	80	29	0
chr3	36122031	39	42	38	28	41	38	26	24	97	21	29	34	26	77	23	0
chr3	63242781	42	32	36	36	29	39	23	20	76	24	42	19	17	77	17	0
chr3	91099829	54	33	49	31	38	41	29	28	127	20	41	35	26	83	30	0
chr3	96842762	38	44	30	34	45	50	29	16	101	24	21	31	28	69	23	0
chr3	132884287	32	28	38	24	37	49	28	28	95	25	38	25	32	71	19	0
chr3	189113319	29	40	38	38	39	57	25	20	105	24	44	41	31	79	30	0
chr3	196164950	27	31	36	20	33	38	20	19	73	31	34	43	27	103	21	16
chr4	21269569	41	40	29	25	46	48	37	11	101	26	39	29	22	79	21	0
chr4	21697486	35	36	31	18	43	31	17	18	101	24	34	21	27	87	17	0
chr4	35159705	38	29	25	30	45	34	29	23	114	28	30	42	44	75	26	0
chr4	132317219	35	30	38	29	40	50	35	34	101	24	34	18	22	73	19	6
chr5	38279142	50	36	32	29	41	41	16	26	112	26	33	29	27	91	28	0
chr6	49818548	33	40	30	28	39	38	39	20	106	30	41	29	25	76	23	0
chr6	77521241	38	27	44	31	29	36	24	18	93	32	36	32	27	62	18	0
chr6	129079701	23	39	37	30	37	46	27	28	118	25	34	41	20	83	19	0
chr6	132012432	52	39	28	33	34	46	35	22	111	35	50	41	33	72	29	0
chr6	164722545	23	26	28	36	31	41	21	16	99	18	33	36	9	73	19	0
chr6	164722766	27	30	27	44	35	44	25	21	110	26	33	34	16	88	21	0
chr6	166957867	36	30	28	27	32	38	24	24	81	21	0	32	26	78	25	0
chr7	15935099	35	31	24	24	53	44	25	23	96	29	31	25	26	71	20	0
chr7	52977804	32	33	31	30	37	41	29	33	89	27	36	34	34	73	20	8
chr7	117286916	44	48	42	28	37	36	28	27	98	23	40	30	38	86	32	0
chr7	119676239	42	44	40	31	38	50	34	31	114	25	26	34	21	79	36	0
chr8	126700129	37	36	32	31	43	43	32	30	110	29	32	34	36	88	25	0
chr9	24165264	39	26	34	37	32	45	30	16	108	23	24	23	27	74	25	0
chr9	26188583	37	33	37	33	36	47	24	21	105	33	34	23	28	92	25	0
chr9	108928464	35	31	27	35	39	32	27	18	102	20	45	36	23	86	23	0
chr10	15705810	36	45	29	16	43	45	29	22	81	24	32	30	32	81	22	0
chr10	37213276	27	24	41	21	34	37	34	18	82	20	39	34	24	72	15	2
chr11	89514272	51	27	47	31	40	35	27	19	100	30	39	39	25	79	20	0
chr12	32657683	33	36	25	22	26	35	29	16	81	20	36	34	29	89	22	0
chr12	63929135	30	40	23	25	37	35	28	19	76	21	37	32	23	65	24	0
chr12	126108006	29	40	38	21	33	35	25	21	116	25	48	38	31	63	21	0
chr14	72040542	31	30	23	36	29	48	21	14	76	14	39	31	33	76	19	0
chr16	7647568	32	31	28	18	14	41	22	20	99	24	38	22	25	84	35	12
chr16	7973335	24	34	34	17	37	53	22	24	92	21	34	23	24	87	6	0
chr17	73889180	38	30	33	25	35	41	26	15	91	26	34	27	33	80	16	0
chr18	43274437	30	28	35	29	28	34	25	24	97	21	50	29	22	82	17	0
chr19	22892750	22	37	27	18	26	30	24	17	93	17	37	30	16	76	19	0
chr19	56194800	27	30	30	30	30	38	21	28	67	16	32	37	31	79	21	0
chr20	31300951	44	38	48	25	44	53	33	27	122	28	36	35	28	0	17	0
chrX	104815499	17	10	15	15	11	22	22	11	54	13	15	16	20	30	12	0
chrY	11408514	11	16	17	16	20	16	9	7	47	20	28	12	3	17	12	0
