chr1	67792120	0	1	2	0	0	6
chr1	69594465	1	0	5	4	2	9
chr1	73103819	0	0	0	0	1	4
chr1	75031641	0	0	2	0	2	3
chr1	106433582	1	0	6	0	0	5
chr1	216073389	1	0	2	0	0	1
chr1	243101908	2	0	1	1	1	6
chr1	247586943	0	0	0	0	1	3
chr2	351180	0	0	0	0	0	3
chr2	16447389	0	0	2	0	2	6
chr2	34434698	0	1	1	0	3	2
chr2	36780923	0	0	0	0	0	3
chr2	67767848	0	0	1	1	0	1
chr2	72413392	0	0	2	0	0	2
chr2	78440878	0	0	1	0	1	1
chr2	87577227	0	0	2	1	2	4
chr2	89221894	1	0	0	0	2	4
chr2	97092979	0	0	0	0	1	0
chr2	103395303	0	1	3	0	1	4
chr2	114787255	1	0	0	0	0	5
chr2	115852478	0	0	1	0	0	3
chr2	125896768	0	0	0	1	0	4
chr2	145726840	0	0	0	0	3	4
chr2	150320593	1	0	0	0	1	2
chr2	165510607	0	0	0	0	1	4
chr2	181967657	1	0	1	0	1	5
chr2	182139702	0	0	1	0	0	1
chr2	192080361	0	0	0	0	1	5
chr2	213928421	0	0	0	0	1	1
chr2	215959675	0	0	1	0	0	3
chr2	222196201	0	0	0	0	0	3
chr2	230342931	0	0	0	0	0	5
chr3	21629090	0	0	0	0	0	6
chr3	42145825	0	0	0	1	4	7
chr3	81717267	0	0	0	0	0	3
chr3	138454711	1	0	0	0	1	3
chr3	138730557	0	0	0	1	1	2
chr3	144011147	0	0	0	0	0	2
chr3	147417440	0	0	1	0	0	7
chr3	181620320	0	0	0	0	0	3
chr3	192955510	0	0	0	0	0	3
chr3	192955522	0	0	2	0	0	3
chr4	23014031	0	0	3	0	0	4
chr4	27061219	0	0	1	0	1	3
chr4	31513400	0	0	1	0	2	2
chr4	38943245	0	0	0	0	2	3
chr4	59456887	0	0	0	0	0	2
chr4	64968621	1	0	0	0	1	3
chr4	79524651	0	0	1	0	1	1
chr4	91811626	0	0	1	0	0	7
chr4	92687350	0	1	1	0	1	1
chr4	93837429	0	0	0	2	2	2
chr4	105559061	0	0	0	0	1	5
chr4	110837651	1	0	0	1	1	2
chr4	115156261	0	0	0	0	0	3
chr4	134772682	0	1	0	0	0	4
chr4	135960648	0	1	0	0	0	5
chr4	137397618	0	0	0	0	1	5
chr4	141804663	0	0	0	0	0	3
chr4	154909239	0	0	2	2	0	6
chr4	174192318	0	0	2	0	0	4
chr5	1731625	0	0	0	0	1	1
chr5	15059738	0	0	4	0	2	6
chr5	20911734	0	1	0	0	2	1
chr5	45649112	0	3	1	0	0	3
chr5	98167981	0	0	0	0	2	7
chr5	102046110	0	0	1	0	1	1
chr5	109652519	0	0	1	0	1	3
chr5	117441230	0	0	0	0	2	7
chr5	125804498	0	0	1	0	0	1
chr5	132791144	1	0	0	0	1	3
chr5	140762420	1	0	0	0	0	2
chr5	164145915	0	1	1	1	0	1
chr5	164390798	0	0	1	0	2	1
chr5	165164156	1	2	0	0	0	1
chr5	169323831	0	0	0	0	0	4
chr6	14485154	0	0	0	0	0	6
chr6	111976741	0	0	1	0	1	4
chr6	114634316	0	1	1	0	2	4
chr6	155964307	1	0	0	0	0	1
chr7	9452145	0	0	1	0	1	5
chr7	20773700	0	0	0	1	0	3
chr7	48893210	0	1	1	0	0	4
chr7	52260299	0	0	1	0	1	1
chr7	77250294	0	0	2	0	1	5
chr7	80917897	0	0	3	1	0	6
chr7	118580384	2	0	3	0	0	6
chr7	120658428	1	0	0	0	0	1
chr7	120716147	0	0	1	0	2	3
chr7	132462246	0	1	1	0	1	3
chr7	146490096	0	1	0	0	1	1
chr7	154141909	0	0	3	0	0	8
chr8	3976995	0	0	1	0	0	3
chr8	15592384	0	0	1	0	0	1
chr8	18112328	0	0	0	0	2	6
chr8	28883788	0	0	0	0	1	0
chr8	46713041	1	1	0	0	1	5
chr8	57199427	0	0	0	0	1	4
chr8	82652310	0	0	3	0	0	3
chr8	99530433	0	0	0	0	1	3
chr8	107267275	0	0	0	0	0	6
chr8	113040016	0	0	2	0	1	3
chr8	138944218	0	0	0	0	0	3
chr8	139053962	0	0	0	0	1	4
chr9	76844941	0	0	0	0	0	3
chr9	99448857	0	0	0	0	0	1
chr9	103397506	0	0	0	0	0	3
chr10	2252132	0	0	2	0	0	3
chr10	28175305	0	0	0	0	0	1
chr10	36266404	0	0	1	1	1	4
chr10	66334992	0	1	0	0	0	5
chr10	76178227	0	0	0	0	0	5
chr10	85795891	0	0	0	0	0	4
chr10	121574353	0	0	0	0	2	4
chr10	128891644	0	0	4	1	1	3
chr11	1054101	0	0	0	0	0	4
chr11	6424905	0	0	0	0	2	2
chr11	37677169	0	0	1	0	0	3
chr11	64090762	0	0	1	0	1	4
chr11	77313629	0	0	2	0	1	4
chr11	89086000	1	1	0	0	0	5
chr11	91103968	0	0	0	0	3	9
chr11	97973245	0	0	0	0	0	4
chr11	99071384	0	0	2	1	1	6
chr11	99947084	0	0	2	0	0	2
chr11	124418871	0	0	0	0	0	1
chr11	127395572	0	0	0	1	2	3
chr11	133471355	0	0	0	0	0	6
chr12	2079260	2	0	0	1	1	6
chr12	23357729	0	0	2	0	1	5
chr12	52421184	0	0	0	0	0	2
chr12	61149559	0	0	1	0	2	3
chr12	83328729	2	0	1	0	0	2
chr12	120272184	26	15	14	4	1	5
chr12	122729559	0	1	0	0	0	3
chr13	33309138	0	1	1	1	0	7
chr13	58470587	1	0	2	0	1	4
chr13	67259583	0	0	1	0	0	2
chr13	68302926	0	0	1	0	0	4
chr13	69249081	0	0	1	0	1	6
chr13	70458824	0	0	0	0	2	6
chr13	70551140	0	0	0	0	0	3
chr13	70732274	0	0	0	0	1	4
chr13	81101051	0	1	0	0	0	5
chr13	81566983	1	1	0	1	0	8
chr13	89000104	1	0	0	0	0	7
chr13	91775367	0	0	2	0	0	1
chr13	102747790	0	1	0	0	1	0
chr13	103482864	0	0	2	0	2	7
chr14	32763516	0	0	0	0	0	3
chr14	39851640	0	0	0	0	0	5
chr14	46312130	0	0	0	0	4	2
chr14	78226528	0	1	0	0	0	4
chr14	82375756	2	1	0	0	2	3
chr15	71492980	0	0	2	0	2	4
chr15	77288035	1	0	1	0	1	6
chr15	83433250	0	1	0	0	0	4
chr16	7328634	0	1	0	0	0	1
chr16	22033980	0	0	5	0	0	1
chr16	33053821	1	0	1	1	0	1
chr16	73551963	1	0	0	0	0	4
chr16	79833681	1	0	1	1	0	2
chr17	13532383	0	0	0	0	1	5
chr17	15588735	0	0	1	0	0	1
chr17	81960029	0	0	4	0	1	2
chr17	82345520	0	0	1	0	0	2
chr18	27653681	0	0	0	0	1	1
chr18	30627147	0	0	2	0	0	1
chr18	32170541	1	0	2	0	0	1
chr18	37786874	0	0	0	0	0	1
chr18	64631457	0	1	0	0	0	4
chr18	67560890	1	0	1	0	0	1
chr19	11735285	25	26	16	2	3	5
chr20	12646721	0	0	2	0	1	3
chr21	13231668	0	0	0	0	0	1
chr21	19917897	0	0	2	0	2	5
chr21	45404481	0	0	1	0	0	1
chr21	46632856	1	0	3	1	1	7
chr22	21082577	0	0	3	0	0	5
chr22	31466521	0	0	1	0	1	2
chrX	7064111	1	0	1	0	2	5
chrX	8535657	1	2	0	0	0	5
chrX	28660203	0	0	1	0	1	2
chrX	31788340	0	0	3	0	1	2
chrX	34289281	0	0	1	2	0	2
chrX	47764523	0	0	1	0	1	1
chrX	82125312	0	0	0	0	0	2
chrX	82417682	1	3	3	1	0	4
chrX	83538822	0	0	0	0	0	1
chrX	84827150	1	0	0	0	1	2
chrX	86108976	0	0	1	0	0	0
chrX	93237415	0	0	0	0	0	1
chrX	99751803	0	0	1	0	0	4
chrX	110405355	0	0	1	0	0	0
chrX	123310832	0	0	0	0	0	1
chrX	133697525	0	0	1	0	0	0
chrX	143827370	0	0	0	0	1	3
chrY	4501539	0	0	0	0	1	3
chrY	5900349	0	0	0	0	0	1
chrY	19693326	0	0	0	0	0	2
chrY	19735445	3	1	2	1	0	0
