chr1	1017599	0	1	1	0	0	4
chr1	26264672	0	0	1	0	0	3
chr1	146428792	0	0	1	0	0	4
chr1	162842689	0	0	2	0	0	7
chr1	170326378	0	0	2	0	3	2
chr1	174351743	0	0	0	0	1	3
chr1	183327877	0	0	0	0	1	1
chr1	240714054	1	0	1	0	1	7
chr2	34373156	0	0	0	0	1	2
chr2	140000237	1	0	1	0	1	8
chr2	169532467	0	0	0	0	0	4
chr2	217671917	0	0	1	0	0	2
chr3	48589160	0	0	0	0	0	2
chr3	60678793	0	0	0	0	0	4
chr3	90051619	0	0	1	0	1	3
chr3	97333521	0	0	0	0	0	3
chr4	23155327	0	0	0	0	0	2
chr4	55188489	0	0	2	0	0	4
chr4	91642917	0	0	2	0	0	2
chr4	110793839	0	0	0	0	1	2
chr4	116173402	1	0	0	0	0	8
chr4	120202280	1	1	2	0	0	0
chr4	135628145	0	1	0	1	2	2
chr4	135993182	0	1	1	0	0	1
chr4	171396176	0	0	0	0	2	2
chr5	23388277	0	0	0	0	0	7
chr5	36912503	0	0	1	0	0	2
chr5	145208870	0	0	0	0	1	1
chr5	172677639	0	0	1	0	0	4
chr6	44410864	0	0	1	0	0	5
chr6	56916861	1	0	2	0	2	4
chr6	76237973	1	0	0	0	0	3
chr6	150033583	0	0	1	0	0	1
chr6	161462113	0	0	1	1	1	5
chr7	23517510	0	0	0	0	2	3
chr7	27050535	13	29	17	6	2	11
chr7	64351883	1	0	0	1	0	1
chr7	130251302	0	0	1	0	0	1
chr7	134526844	0	0	1	1	0	2
chr8	506749	0	0	0	0	0	4
chr8	16054892	1	0	0	0	1	4
chr8	34780994	0	0	2	0	1	3
chr9	14206179	19	15	23	3	0	6
chr9	26346713	0	0	0	0	0	3
chr9	94374653	0	0	0	0	3	4
chr9	110433505	0	0	0	0	0	2
chr10	46313749	1	1	0	0	0	4
chr10	77588317	0	0	1	0	1	3
chr10	131625040	0	0	0	1	1	2
chr11	35597799	0	0	7	1	3	2
chr11	69122534	0	1	1	0	0	4
chr11	85559155	1	0	1	0	2	3
chr11	101264914	0	0	0	0	0	2
chr11	116224893	0	0	3	0	3	6
chr11	129071091	0	2	0	0	0	2
chr12	24278488	0	0	1	0	0	1
chr12	59039998	0	0	1	0	0	4
chr12	59208082	1	2	0	0	1	4
chr12	59977885	0	0	0	0	0	4
chr12	59999575	0	0	2	0	0	7
chr12	83023460	0	0	3	0	3	5
chr12	92968160	0	0	1	0	0	1
chr12	122021524	0	0	0	0	1	2
chr12	122022821	0	0	0	0	0	2
chr12	129488162	0	1	0	0	0	2
chr13	61372462	0	1	1	0	0	1
chr13	76737345	0	0	4	0	3	4
chr13	112553338	0	0	1	0	1	4
chr14	94475772	0	0	1	0	0	5
chr15	60167668	0	0	1	0	0	6
chr15	65714444	0	0	0	0	0	6
chr15	98123581	0	0	0	0	0	1
chr16	46976253	0	0	0	1	2	4
chr17	12072646	0	0	1	0	0	1
chr17	14644588	0	1	1	0	0	1
chr17	45013363	0	0	5	0	0	1
chr17	76105267	1	0	4	0	0	0
chr18	28800914	0	0	0	0	0	2
chr18	30082851	0	1	1	0	1	2
chr18	56821612	0	0	3	1	2	5
chr18	63938663	0	1	0	0	0	4
chr18	66717324	0	0	0	0	0	3
chr19	20530493	0	0	1	0	0	2
chr19	36441782	0	0	0	0	0	10
chr20	29054281	0	0	3	1	0	6
chr20	46229211	0	0	0	0	1	1
chr20	47563853	0	0	0	0	0	3
chr20	50211835	0	0	2	0	1	2
chr22	12139534	0	0	0	0	1	4
chrX	77496582	0	0	0	0	1	3
chrX	90583013	0	0	0	0	2	7
chrX	99577293	1	0	0	0	1	2
chrX	114029155	0	0	1	0	1	5
chrY	3325310	0	0	1	0	1	3
