chr1	79215091	0	0	3	0	0	5
chr2	80026217	0	0	0	0	1	0
chr2	168893962	0	0	2	0	1	8
chr2	195316721	0	0	1	0	3	8
chr2	214565397	0	0	2	0	0	1
chr3	121759334	1	0	2	0	0	2
chr4	7349388	0	0	6	1	0	3
chr4	32274231	1	1	0	0	0	2
chr4	90210134	0	0	0	0	0	2
chr4	95910063	0	0	1	0	2	2
chr4	153118265	0	0	5	1	2	2
chr5	3459109	0	0	0	0	0	3
chr5	3786568	0	0	1	0	0	3
chr5	54011069	0	0	0	0	0	2
chr5	144355727	1	1	0	0	0	2
chr5	168191876	0	0	0	0	1	5
chr6	33600909	0	0	0	0	0	5
chr6	62955676	0	0	0	0	0	3
chr6	170319724	0	0	0	1	0	0
chr7	69525544	0	1	1	1	0	4
chr7	73995205	0	1	3	0	1	3
chr7	83855184	1	0	1	1	0	8
chr7	106813537	1	2	0	0	0	6
chr8	52591999	0	0	1	0	0	3
chr9	69868817	0	0	2	0	1	6
chr10	126422964	0	0	1	0	1	2
chr12	13952889	1	0	0	0	0	2
chr12	91421905	0	0	3	0	0	3
chr13	101530161	0	0	1	0	1	2
chr14	105865716	0	0	1	0	0	0
chr16	33704451	0	0	3	0	2	3
chr17	71496526	1	2	1	0	1	3
chr20	12538678	0	0	0	0	0	3
chrX	39110270	0	0	0	0	0	1
