chr1	73541052	1	1	0	0	0	5
chr1	90432999	0	0	5	2	2	5
chr1	166035151	0	2	1	0	4	2
chr1	166692557	1	1	0	0	1	3
chr1	198058552	0	0	3	0	1	11
chr1	244542553	0	0	0	0	1	1
chr2	74799107	0	0	1	0	0	3
chr2	107227447	0	0	0	0	1	1
chr2	136621977	0	0	0	0	0	3
chr3	3674879	0	0	2	0	1	7
chr3	23100588	0	0	0	0	1	9
chr3	84257148	0	1	1	0	1	1
chr3	87703700	1	0	0	0	0	1
chr3	190393612	0	0	0	0	1	7
chr4	42092398	0	0	1	0	0	1
chr4	44560094	0	0	0	0	1	5
chr4	64604157	0	0	0	0	1	7
chr4	106018838	1	0	2	1	0	1
chr4	130328657	0	0	1	0	0	8
chr4	133393038	0	0	0	0	0	3
chr4	135031120	0	1	0	0	0	3
chr4	165740548	0	0	0	0	3	4
chr5	61450877	0	1	0	0	0	2
chr5	79607931	0	0	1	0	0	2
chr5	133337582	1	1	0	0	0	4
chr5	173459229	0	0	0	0	1	5
chr6	2614365	0	0	1	0	0	1
chr6	6148265	0	0	1	0	0	4
chr6	42414929	0	0	1	0	0	7
chr6	61421170	0	0	2	0	0	4
chr6	122042785	0	0	0	0	1	4
chr6	158087844	0	1	1	0	0	8
chr7	3498277	1	0	0	1	2	2
chr7	93205930	0	0	2	0	2	3
chr7	103572489	1	0	2	0	1	2
chr7	104226214	1	0	1	0	2	5
chr8	4989431	0	1	0	0	1	4
chr8	15391643	0	0	0	0	0	6
chr8	21197997	0	0	0	0	1	3
chr8	24885551	0	0	2	0	0	5
chr8	39058397	1	1	0	0	2	6
chr8	58710301	0	0	0	0	1	1
chr8	63367971	0	0	3	0	2	5
chr9	18915429	1	1	0	0	0	3
chr9	37333900	1	0	2	1	1	6
chr9	69851270	0	0	2	0	0	8
chr10	2276533	0	0	0	0	0	5
chr10	36203178	0	1	1	0	1	5
chr10	128958189	0	1	0	0	0	7
chr11	23472044	0	0	1	0	0	3
chr11	32308675	0	1	2	0	1	8
chr11	77589808	0	0	4	0	0	3
chr11	80996212	0	0	0	0	0	5
chr11	99772307	0	0	0	0	1	4
chr11	106698019	1	1	1	0	2	3
chr11	112720896	1	1	1	0	1	4
chr12	16390200	0	0	0	1	2	1
chr12	20590527	0	1	1	0	2	6
chr12	21234864	0	0	0	0	1	1
chr12	66129012	0	1	2	0	0	4
chr12	84044546	0	0	1	0	0	6
chr12	102582395	1	0	0	0	2	3
chr13	56968007	0	0	1	1	4	7
chr13	93776833	1	0	0	0	1	4
chr13	105935342	0	0	0	0	0	4
chr14	46402523	0	0	0	0	0	4
chr14	47752636	0	0	1	0	0	9
chr14	86144338	0	0	1	0	0	3
chr14	87412577	1	0	1	0	0	5
chr14	102232184	0	1	0	0	0	2
chr15	77965039	0	0	2	0	1	2
chr17	11511285	0	0	0	0	0	6
chr18	58240824	0	0	0	0	1	0
chr19	5353362	0	0	0	0	1	2
chr19	41358910	0	1	1	0	0	0
chr19	56207041	0	0	5	1	2	2
chr20	8091662	0	0	1	0	2	1
chr21	28030660	0	0	0	0	1	2
chrX	22600348	0	0	0	1	0	2
chrX	90035299	2	1	3	1	3	4
chrX	90035300	2	1	3	1	3	4
chr1	67792120	0	1	2	0	0	6
chr1	69594465	1	0	5	4	2	9
chr1	73103819	0	0	0	0	1	4
chr1	75031641	0	0	2	0	2	3
chr1	106433582	1	0	6	0	0	5
chr1	216073389	1	0	2	0	0	1
chr1	243101908	2	0	1	1	1	6
chr1	247586943	0	0	0	0	1	3
chr2	351180	0	0	0	0	0	3
chr2	16447389	0	0	2	0	2	6
chr2	34434698	0	1	1	0	3	2
chr2	36780923	0	0	0	0	0	3
chr2	67767848	0	0	1	1	0	1
chr2	72413392	0	0	2	0	0	2
chr2	78440878	0	0	1	0	1	1
chr2	87577227	0	0	2	1	2	4
chr2	89221894	1	0	0	0	2	4
chr2	97092979	0	0	0	0	1	0
chr2	103395303	0	1	3	0	1	4
chr2	114787255	1	0	0	0	0	5
chr2	115852478	0	0	1	0	0	3
chr2	125896768	0	0	0	1	0	4
chr2	145726840	0	0	0	0	3	4
chr2	150320593	1	0	0	0	1	2
chr2	165510607	0	0	0	0	1	4
chr2	181967657	1	0	1	0	1	5
chr2	182139702	0	0	1	0	0	1
chr2	192080361	0	0	0	0	1	5
chr2	213928421	0	0	0	0	1	1
chr2	215959675	0	0	1	0	0	3
chr2	222196201	0	0	0	0	0	3
chr2	230342931	0	0	0	0	0	5
chr3	21629090	0	0	0	0	0	6
chr3	42145825	0	0	0	1	4	7
chr3	81717267	0	0	0	0	0	3
chr3	138454711	1	0	0	0	1	3
chr3	138730557	0	0	0	1	1	2
chr3	144011147	0	0	0	0	0	2
chr3	147417440	0	0	1	0	0	7
chr3	181620320	0	0	0	0	0	3
chr3	192955510	0	0	0	0	0	3
chr3	192955522	0	0	2	0	0	3
chr4	23014031	0	0	3	0	0	4
chr4	27061219	0	0	1	0	1	3
chr4	31513400	0	0	1	0	2	2
chr4	38943245	0	0	0	0	2	3
chr4	59456887	0	0	0	0	0	2
chr4	64968621	1	0	0	0	1	3
chr4	79524651	0	0	1	0	1	1
chr4	91811626	0	0	1	0	0	7
chr4	92687350	0	1	1	0	1	1
chr4	93837429	0	0	0	2	2	2
chr4	105559061	0	0	0	0	1	5
chr4	110837651	1	0	0	1	1	2
chr4	115156261	0	0	0	0	0	3
chr4	134772682	0	1	0	0	0	4
chr4	135960648	0	1	0	0	0	5
chr4	137397618	0	0	0	0	1	5
chr4	141804663	0	0	0	0	0	3
chr4	154909239	0	0	2	2	0	6
chr4	174192318	0	0	2	0	0	4
chr5	1731625	0	0	0	0	1	1
chr5	15059738	0	0	4	0	2	6
chr5	20911734	0	1	0	0	2	1
chr5	45649112	0	3	1	0	0	3
chr5	98167981	0	0	0	0	2	7
chr5	102046110	0	0	1	0	1	1
chr5	109652519	0	0	1	0	1	3
chr5	117441230	0	0	0	0	2	7
chr5	125804498	0	0	1	0	0	1
chr5	132791144	1	0	0	0	1	3
chr5	140762420	1	0	0	0	0	2
chr5	164145915	0	1	1	1	0	1
chr5	164390798	0	0	1	0	2	1
chr5	165164156	1	2	0	0	0	1
chr5	169323831	0	0	0	0	0	4
chr6	14485154	0	0	0	0	0	6
chr6	111976741	0	0	1	0	1	4
chr6	114634316	0	1	1	0	2	4
chr6	155964307	1	0	0	0	0	1
chr7	9452145	0	0	1	0	1	5
chr7	20773700	0	0	0	1	0	3
chr7	48893210	0	1	1	0	0	4
chr7	52260299	0	0	1	0	1	1
chr7	77250294	0	0	2	0	1	5
chr7	80917897	0	0	3	1	0	6
chr7	118580384	2	0	3	0	0	6
chr7	120658428	1	0	0	0	0	1
chr7	120716147	0	0	1	0	2	3
chr7	132462246	0	1	1	0	1	3
chr7	146490096	0	1	0	0	1	1
chr7	154141909	0	0	3	0	0	8
chr8	3976995	0	0	1	0	0	3
chr8	15592384	0	0	1	0	0	1
chr8	18112328	0	0	0	0	2	6
chr8	28883788	0	0	0	0	1	0
chr8	46713041	1	1	0	0	1	5
chr8	57199427	0	0	0	0	1	4
chr8	82652310	0	0	3	0	0	3
chr8	99530433	0	0	0	0	1	3
chr8	107267275	0	0	0	0	0	6
chr8	113040016	0	0	2	0	1	3
chr8	138944218	0	0	0	0	0	3
chr8	139053962	0	0	0	0	1	4
chr9	76844941	0	0	0	0	0	3
chr9	99448857	0	0	0	0	0	1
chr9	103397506	0	0	0	0	0	3
chr10	2252132	0	0	2	0	0	3
chr10	28175305	0	0	0	0	0	1
chr10	36266404	0	0	1	1	1	4
chr10	66334992	0	1	0	0	0	5
chr10	76178227	0	0	0	0	0	5
chr10	85795891	0	0	0	0	0	4
chr10	121574353	0	0	0	0	2	4
chr10	128891644	0	0	4	1	1	3
chr11	1054101	0	0	0	0	0	4
chr11	6424905	0	0	0	0	2	2
chr11	37677169	0	0	1	0	0	3
chr11	64090762	0	0	1	0	1	4
chr11	77313629	0	0	2	0	1	4
chr11	89086000	1	1	0	0	0	5
chr11	91103968	0	0	0	0	3	9
chr11	97973245	0	0	0	0	0	4
chr11	99071384	0	0	2	1	1	6
chr11	99947084	0	0	2	0	0	2
chr11	124418871	0	0	0	0	0	1
chr11	127395572	0	0	0	1	2	3
chr11	133471355	0	0	0	0	0	6
chr12	2079260	2	0	0	1	1	6
chr12	23357729	0	0	2	0	1	5
chr12	52421184	0	0	0	0	0	2
chr12	61149559	0	0	1	0	2	3
chr12	83328729	2	0	1	0	0	2
chr12	120272184	26	15	14	4	1	5
chr12	122729559	0	1	0	0	0	3
chr13	33309138	0	1	1	1	0	7
chr13	58470587	1	0	2	0	1	4
chr13	67259583	0	0	1	0	0	2
chr13	68302926	0	0	1	0	0	4
chr13	69249081	0	0	1	0	1	6
chr13	70458824	0	0	0	0	2	6
chr13	70551140	0	0	0	0	0	3
chr13	70732274	0	0	0	0	1	4
chr13	81101051	0	1	0	0	0	5
chr13	81566983	1	1	0	1	0	8
chr13	89000104	1	0	0	0	0	7
chr13	91775367	0	0	2	0	0	1
chr13	102747790	0	1	0	0	1	0
chr13	103482864	0	0	2	0	2	7
chr14	32763516	0	0	0	0	0	3
chr14	39851640	0	0	0	0	0	5
chr14	46312130	0	0	0	0	4	2
chr14	78226528	0	1	0	0	0	4
chr14	82375756	2	1	0	0	2	3
chr15	71492980	0	0	2	0	2	4
chr15	77288035	1	0	1	0	1	6
chr15	83433250	0	1	0	0	0	4
chr16	7328634	0	1	0	0	0	1
chr16	22033980	0	0	5	0	0	1
chr16	33053821	1	0	1	1	0	1
chr16	73551963	1	0	0	0	0	4
chr16	79833681	1	0	1	1	0	2
chr17	13532383	0	0	0	0	1	5
chr17	15588735	0	0	1	0	0	1
chr17	81960029	0	0	4	0	1	2
chr17	82345520	0	0	1	0	0	2
chr18	27653681	0	0	0	0	1	1
chr18	30627147	0	0	2	0	0	1
chr18	32170541	1	0	2	0	0	1
chr18	37786874	0	0	0	0	0	1
chr18	64631457	0	1	0	0	0	4
chr18	67560890	1	0	1	0	0	1
chr19	11735285	25	26	16	2	3	5
chr20	12646721	0	0	2	0	1	3
chr21	13231668	0	0	0	0	0	1
chr21	19917897	0	0	2	0	2	5
chr21	45404481	0	0	1	0	0	1
chr21	46632856	1	0	3	1	1	7
chr22	21082577	0	0	3	0	0	5
chr22	31466521	0	0	1	0	1	2
chrX	7064111	1	0	1	0	2	5
chrX	8535657	1	2	0	0	0	5
chrX	28660203	0	0	1	0	1	2
chrX	31788340	0	0	3	0	1	2
chrX	34289281	0	0	1	2	0	2
chrX	47764523	0	0	1	0	1	1
chrX	82125312	0	0	0	0	0	2
chrX	82417682	1	3	3	1	0	4
chrX	83538822	0	0	0	0	0	1
chrX	84827150	1	0	0	0	1	2
chrX	86108976	0	0	1	0	0	0
chrX	93237415	0	0	0	0	0	1
chrX	99751803	0	0	1	0	0	4
chrX	110405355	0	0	1	0	0	0
chrX	123310832	0	0	0	0	0	1
chrX	133697525	0	0	1	0	0	0
chrX	143827370	0	0	0	0	1	3
chrY	4501539	0	0	0	0	1	3
chrY	5900349	0	0	0	0	0	1
chrY	19693326	0	0	0	0	0	2
chrY	19735445	3	1	2	1	0	0
chr1	1017599	0	1	1	0	0	4
chr1	26264672	0	0	1	0	0	3
chr1	146428792	0	0	1	0	0	4
chr1	162842689	0	0	2	0	0	7
chr1	170326378	0	0	2	0	3	2
chr1	174351743	0	0	0	0	1	3
chr1	183327877	0	0	0	0	1	1
chr1	240714054	1	0	1	0	1	7
chr2	34373156	0	0	0	0	1	2
chr2	140000237	1	0	1	0	1	8
chr2	169532467	0	0	0	0	0	4
chr2	217671917	0	0	1	0	0	2
chr3	48589160	0	0	0	0	0	2
chr3	60678793	0	0	0	0	0	4
chr3	90051619	0	0	1	0	1	3
chr3	97333521	0	0	0	0	0	3
chr4	23155327	0	0	0	0	0	2
chr4	55188489	0	0	2	0	0	4
chr4	91642917	0	0	2	0	0	2
chr4	110793839	0	0	0	0	1	2
chr4	116173402	1	0	0	0	0	8
chr4	120202280	1	1	2	0	0	0
chr4	135628145	0	1	0	1	2	2
chr4	135993182	0	1	1	0	0	1
chr4	171396176	0	0	0	0	2	2
chr5	23388277	0	0	0	0	0	7
chr5	36912503	0	0	1	0	0	2
chr5	145208870	0	0	0	0	1	1
chr5	172677639	0	0	1	0	0	4
chr6	44410864	0	0	1	0	0	5
chr6	56916861	1	0	2	0	2	4
chr6	76237973	1	0	0	0	0	3
chr6	150033583	0	0	1	0	0	1
chr6	161462113	0	0	1	1	1	5
chr7	23517510	0	0	0	0	2	3
chr7	27050535	13	29	17	6	2	11
chr7	64351883	1	0	0	1	0	1
chr7	130251302	0	0	1	0	0	1
chr7	134526844	0	0	1	1	0	2
chr8	506749	0	0	0	0	0	4
chr8	16054892	1	0	0	0	1	4
chr8	34780994	0	0	2	0	1	3
chr9	14206179	19	15	23	3	0	6
chr9	26346713	0	0	0	0	0	3
chr9	94374653	0	0	0	0	3	4
chr9	110433505	0	0	0	0	0	2
chr10	46313749	1	1	0	0	0	4
chr10	77588317	0	0	1	0	1	3
chr10	131625040	0	0	0	1	1	2
chr11	35597799	0	0	7	1	3	2
chr11	69122534	0	1	1	0	0	4
chr11	85559155	1	0	1	0	2	3
chr11	101264914	0	0	0	0	0	2
chr11	116224893	0	0	3	0	3	6
chr11	129071091	0	2	0	0	0	2
chr12	24278488	0	0	1	0	0	1
chr12	59039998	0	0	1	0	0	4
chr12	59208082	1	2	0	0	1	4
chr12	59977885	0	0	0	0	0	4
chr12	59999575	0	0	2	0	0	7
chr12	83023460	0	0	3	0	3	5
chr12	92968160	0	0	1	0	0	1
chr12	122021524	0	0	0	0	1	2
chr12	122022821	0	0	0	0	0	2
chr12	129488162	0	1	0	0	0	2
chr13	61372462	0	1	1	0	0	1
chr13	76737345	0	0	4	0	3	4
chr13	112553338	0	0	1	0	1	4
chr14	94475772	0	0	1	0	0	5
chr15	60167668	0	0	1	0	0	6
chr15	65714444	0	0	0	0	0	6
chr15	98123581	0	0	0	0	0	1
chr16	46976253	0	0	0	1	2	4
chr17	12072646	0	0	1	0	0	1
chr17	14644588	0	1	1	0	0	1
chr17	45013363	0	0	5	0	0	1
chr17	76105267	1	0	4	0	0	0
chr18	28800914	0	0	0	0	0	2
chr18	30082851	0	1	1	0	1	2
chr18	56821612	0	0	3	1	2	5
chr18	63938663	0	1	0	0	0	4
chr18	66717324	0	0	0	0	0	3
chr19	20530493	0	0	1	0	0	2
chr19	36441782	0	0	0	0	0	10
chr20	29054281	0	0	3	1	0	6
chr20	46229211	0	0	0	0	1	1
chr20	47563853	0	0	0	0	0	3
chr20	50211835	0	0	2	0	1	2
chr22	12139534	0	0	0	0	1	4
chrX	77496582	0	0	0	0	1	3
chrX	90583013	0	0	0	0	2	7
chrX	99577293	1	0	0	0	1	2
chrX	114029155	0	0	1	0	1	5
chrY	3325310	0	0	1	0	1	3
chr1	79215091	0	0	3	0	0	5
chr2	80026217	0	0	0	0	1	0
chr2	168893962	0	0	2	0	1	8
chr2	195316721	0	0	1	0	3	8
chr2	214565397	0	0	2	0	0	1
chr3	121759334	1	0	2	0	0	2
chr4	7349388	0	0	6	1	0	3
chr4	32274231	1	1	0	0	0	2
chr4	90210134	0	0	0	0	0	2
chr4	95910063	0	0	1	0	2	2
chr4	153118265	0	0	5	1	2	2
chr5	3459109	0	0	0	0	0	3
chr5	3786568	0	0	1	0	0	3
chr5	54011069	0	0	0	0	0	2
chr5	144355727	1	1	0	0	0	2
chr5	168191876	0	0	0	0	1	5
chr6	33600909	0	0	0	0	0	5
chr6	62955676	0	0	0	0	0	3
chr6	170319724	0	0	0	1	0	0
chr7	69525544	0	1	1	1	0	4
chr7	73995205	0	1	3	0	1	3
chr7	83855184	1	0	1	1	0	8
chr7	106813537	1	2	0	0	0	6
chr8	52591999	0	0	1	0	0	3
chr9	69868817	0	0	2	0	1	6
chr10	126422964	0	0	1	0	1	2
chr12	13952889	1	0	0	0	0	2
chr12	91421905	0	0	3	0	0	3
chr13	101530161	0	0	1	0	1	2
chr14	105865716	0	0	1	0	0	0
chr16	33704451	0	0	3	0	2	3
chr17	71496526	1	2	1	0	1	3
chr20	12538678	0	0	0	0	0	3
chrX	39110270	0	0	0	0	0	1
chr1	27668489	0	0	1	0	2	5
chr1	100327633	0	0	3	0	0	4
chr1	197859120	0	0	0	0	0	4
chr2	5690301	0	1	0	1	0	5
chr2	18717311	0	0	0	0	0	2
chr2	124020646	0	0	1	0	1	5
chr3	36122031	1	0	2	0	0	6
chr3	63242781	0	0	2	0	1	7
chr3	91099829	0	1	3	0	0	0
chr3	96842762	0	0	0	0	1	3
chr3	132884287	0	0	4	1	3	2
chr3	189113319	1	0	0	0	1	2
chr3	196164950	1	0	1	0	0	6
chr4	21269569	1	1	0	1	3	4
chr4	21697486	0	0	1	0	2	5
chr4	35159705	0	1	0	0	0	4
chr4	132317219	0	0	2	0	0	7
chr5	38279142	1	0	3	0	1	8
chr6	49818548	0	0	0	0	1	3
chr6	77521241	0	0	1	0	1	2
chr6	129079701	0	1	2	0	2	9
chr6	132012432	0	1	0	2	0	2
chr6	164722545	0	0	0	0	1	6
chr6	164722766	0	0	0	0	0	1
chr6	166957867	0	1	2	0	2	0
chr7	15935099	0	0	0	0	2	4
chr7	52977804	0	0	1	0	1	3
chr7	117286916	0	0	0	0	1	7
chr7	119676239	0	0	1	0	2	2
chr8	126700129	0	0	0	0	0	3
chr9	24165264	0	0	1	0	1	0
chr9	26188583	0	0	1	0	0	2
chr9	108928464	0	0	0	0	0	5
chr10	15705810	0	0	1	0	0	4
chr10	37213276	0	1	0	0	2	5
chr11	89514272	1	0	0	0	1	2
chr12	32657683	1	0	0	1	0	7
chr12	63929135	0	0	1	0	0	6
chr12	126108006	0	0	0	0	2	3
chr14	72040542	1	1	2	0	0	13
chr16	7973335	0	0	3	1	0	1
chr17	73889180	0	0	1	0	5	5
chr18	43274437	0	0	0	0	0	3
chr19	22892750	0	0	0	0	0	4
chr19	56194800	1	0	0	0	2	6
chr20	31300951	1	0	0	0	0	6
chrX	104815499	0	0	0	0	0	2
chrY	11408514	2	0	0	0	1	7
