chr1	73541052	150	200	130	14	22	52
chr1	90432999	193	183	0	20	15	52
chr1	166035151	153	207	150	29	18	38
chr1	166692557	203	207	138	17	15	54
chr1	198058552	179	166	141	29	20	52
chr1	244542553	180	195	159	29	19	46
chr2	74799107	143	143	137	34	18	41
chr2	107227447	170	167	150	36	26	40
chr2	136621977	176	197	154	22	25	50
chr3	3674879	169	156	145	21	21	49
chr3	23100588	146	190	133	23	24	66
chr3	84257148	158	185	130	23	31	44
chr3	87703700	164	192	120	18	15	64
chr3	176292376	171	192	142	16	13	39
chr3	190393612	190	203	146	34	25	63
chr4	42092398	152	156	132	19	20	43
chr4	44560094	189	190	124	29	17	58
chr4	64604157	167	198	138	27	17	45
chr4	106018838	184	179	139	25	23	53
chr4	130328657	184	194	119	17	19	50
chr4	133393038	181	200	132	30	21	54
chr4	135031120	162	185	134	20	24	50
chr4	165740548	160	156	135	26	21	41
chr5	61450877	161	175	154	25	17	38
chr5	79607931	142	125	117	35	19	56
chr5	133337582	156	170	152	22	16	41
chr5	173459229	167	177	118	25	15	59
chr6	2614365	161	204	128	24	17	39
chr6	6148265	174	192	0	23	23	49
chr6	42414929	167	197	0	24	20	46
chr6	61421170	169	200	0	17	12	34
chr6	122042785	156	166	149	28	15	52
chr6	158087844	161	155	139	33	23	47
chr7	3498277	178	179	150	20	24	40
chr7	93205930	197	212	115	32	28	40
chr7	103572489	193	202	141	18	22	60
chr7	104226214	202	182	142	18	16	53
chr8	4989431	152	185	122	29	13	48
chr8	15391643	189	152	114	21	22	47
chr8	21197997	165	170	145	25	22	53
chr8	24885551	177	186	0	27	16	43
chr8	39058397	182	201	154	24	19	53
chr8	58710301	190	195	140	33	22	0
chr8	63367971	143	167	106	19	20	64
chr9	18915429	151	176	168	38	22	51
chr9	37333900	146	152	0	21	28	47
chr9	69851270	146	166	132	27	24	49
chr10	2276533	165	193	124	27	16	53
chr10	36203178	164	188	122	24	19	50
chr10	128958189	154	173	131	20	15	44
chr11	23472044	192	176	0	34	21	43
chr11	32308675	156	160	0	9	21	50
chr11	77589808	139	161	141	24	14	52
chr11	80996212	155	166	128	32	29	55
chr11	99772307	181	180	134	24	22	50
chr11	106698019	169	196	144	19	28	62
chr11	112720896	161	185	146	26	20	48
chr12	16390200	173	150	73	10	9	24
chr12	20590527	160	180	102	16	20	42
chr12	21234864	191	205	145	20	22	60
chr12	66129012	175	186	149	21	17	37
chr12	84044546	189	171	124	23	21	43
chr12	102582395	160	170	162	23	23	57
chr13	56968007	199	188	0	15	18	52
chr13	93776833	168	198	127	24	16	58
chr13	105935342	137	167	154	32	23	45
chr14	46402523	175	196	134	20	20	49
chr14	47752636	168	200	107	20	29	53
chr14	86144338	198	200	142	23	25	49
chr14	87412577	141	199	0	16	22	46
chr14	102232184	166	171	135	36	11	57
chr15	77965039	170	175	142	25	13	48
chr17	11511285	182	159	128	18	22	35
chr18	58240824	177	177	147	28	18	56
chr19	5353362	127	165	128	28	26	44
chr19	41358910	114	107	134	21	12	43
chr19	56207041	138	159	116	23	18	52
chr20	8091662	173	193	128	20	25	49
chr21	28030660	169	180	139	27	21	62
chrX	22600348	92	93	55	17	6	16
chrX	90035299	63	64	38	10	2	7
chrX	90035300	78	89	56	10	5	12
